{
  "project_info": {
    "project_number": "1003586421217",
    "firebase_url": "https://loginpage-b787c.firebaseio.com",
    "project_id": "loginpage-b787c",
    "storage_bucket": "loginpage-b787c.appspot.com"
  },
  "client": [
    {
      "client_info": {
        "mobilesdk_app_id": "1:1003586421217:android:cc8c4367289659d2",
        "android_client_info": {
          "package_name": "com.irinnovative.onepagesigninsignup"
        }
      },
      "oauth_client": [
        {
          "client_id": "1003586421217-0f97n3h6hek5qj2cu0saako4rsgstplb.apps.googleusercontent.com",
          "client_type": 3
        }
      ],
      "api_key": [
        {
          "current_key": "AIzaSyDQwOSGm4AbnlNLQwrHEC2uGiIOQoorwl0"
        }
      ],
      "services": {
        "analytics_service": {
          "status": 1
        },
        "appinvite_service": {
          "status": 1,
          "other_platform_oauth_client": []
        },
        "ads_service": {
          "status": 2
        }
      }
    }
  ],
  "configuration_version": "1"
}